"fips","Pop"
"01001",58802
"01003",231761
"01005",25224
"01007",22300
"01009",59130
"01011",10362
"01013",19055
"01015",116444
"01017",34774
"01019",24979
"01021",45009
"01023",12663
"01025",23087
"01027",14237
"01029",15057
"01031",53460
"01033",57232
"01035",11597
"01037",10382
"01039",37567
"01041",13197
"01043",87857
"01045",49319
"01047",38463
"01049",71611
"01051",87974
"01053",36767
"01055",103441
"01057",16326
"01059",32113
"01061",26660
"01063",7734
"01065",14786
"01067",17148
"01069",107204
"01071",52582
"01073",674355
"01075",13976
"01077",93565
"01079",33077
"01081",174244
"01083",103563
"01085",10310
"01087",19534
"01089",388160
"01091",19324
"01093",29341
"01095",97611
"01097",414812
"01099",19770
"01101",228948
"01103",123421
"01105",8515
"01107",19124
"01109",33008
"01111",21970
"01113",59187
"01115",91471
"01117",223034
"01119",12348
"01121",82152
"01123",41316
"01125",227041
"01127",65342
"01129",15388
"01131",10601
"01133",23544
"02013",3419
"02016",5232
"02020",291244
"02050",18670
"02060",843
"02063",7097
"02066",2618
"02068",1624
"02070",4853
"02090",95657
"02100",2080
"02105",2364
"02110",32255
"02122",58789
"02130",13957
"02150",13101
"02158",8372
"02164",1476
"02170",107082
"02180",10049
"02185",11030
"02188",7790
"02195",3399
"02198",5753
"02220",8448
"02230",1242
"02240",6805
"02275",2126
"02282",664
"02290",5339
"04001",66024
"04003",125448
"04005",145100
"04007",53273
"04009",38533
"04011",9561
"04012",16555
"04013",4420574
"04015",213269
"04017",106716
"04019",1043434
"04021",425257
"04023",47665
"04025",236218
"04027",203880
"05001",17150
"05003",19064
"05005",41633
"05007",284329
"05009",37372
"05011",10540
"05013",4742
"05015",28260
"05017",10212
"05019",21447
"05021",14548
"05023",24705
"05025",7548
"05027",22798
"05029",20709
"05031",111233
"05033",60130
"05035",48169
"05037",16830
"05039",6479
"05041",11395
"05043",17348
"05045",123498
"05047",17101
"05049",12077
"05051",100172
"05053",17966
"05055",45740
"05057",20062
"05059",33046
"05061",12784
"05063",37931
"05065",13574
"05067",16760
"05069",67261
"05071",25749
"05073",6311
"05075",16216
"05077",8597
"05079",12936
"05081",12028
"05083",21132
"05085",74010
"05087",16521
"05089",16832
"05091",42595
"05093",40692
"05095",6799
"05097",8486
"05099",8315
"05101",7225
"05103",22648
"05105",10021
"05107",16576
"05109",10180
"05111",22965
"05113",19223
"05115",63385
"05117",8284
"05119",399117
"05121",18571
"05123",23089
"05125",123424
"05127",9833
"05129",7831
"05131",127800
"05133",15844
"05135",17280
"05137",12358
"05139",39049
"05141",15797
"05143",245866
"05145",76822
"05147",6276
"05149",20259
"06001",1682331
"06003",1201
"06005",40474
"06007",211631
"06009",45285
"06011",21837
"06013",1165927
"06015",27745
"06017",191184
"06019",1008650
"06021",28915
"06023",136465
"06025",179709
"06027",19025
"06029",909244
"06031",152488
"06033",68158
"06035",32730
"06037",10014042
"06039",156259
"06041",262318
"06043",17128
"06045",91595
"06047",281202
"06049",8700
"06051",13198
"06053",439036
"06055",138024
"06057",102235
"06059",3186979
"06061",404740
"06063",19796
"06065",2418177
"06067",1585046
"06069",64207
"06071",2181662
"06073",3298635
"06075",873959
"06077",779227
"06079",282443
"06081",764432
"06083",448217
"06085",1936274
"06087",270869
"06089",182152
"06091",3234
"06093",44075
"06095",453490
"06097",488875
"06099",552880
"06101",99631
"06103",65831
"06105",16112
"06107",473117
"06109",55623
"06111",843843
"06113",216405
"06115",81578
"08001",519582
"08003",16381
"08005",655058
"08007",13356
"08009",3510
"08011",5651
"08013",330764
"08014",74105
"08015",19473
"08017",1748
"08019",9394
"08021",7467
"08023",3496
"08025",5919
"08027",4703
"08029",31199
"08031",715538
"08033",2326
"08035",357998
"08037",55730
"08039",26049
"08041",730402
"08043",48938
"08045",61688
"08047",5810
"08049",15717
"08051",16917
"08053",784
"08055",6816
"08057",1379
"08059",582902
"08061",1445
"08063",7086
"08065",7428
"08067",55639
"08069",359066
"08071",14557
"08073",5677
"08075",21527
"08077",155710
"08079",865
"08081",13291
"08083",25846
"08085",42680
"08087",29106
"08089",18692
"08091",4880
"08093",17395
"08095",4537
"08097",17358
"08099",11995
"08101",168168
"08103",6531
"08105",11539
"08107",24824
"08109",6372
"08111",703
"08113",8071
"08115",2402
"08117",31052
"08119",24711
"08121",4814
"08123",328976
"08125",9990
"10001",181856
"10003",570721
"10005",237380
"11001",689546
"12001",278475
"12003",28263
"12005",175204
"12007",28306
"12009",606603
"12011",1944376
"12013",13644
"12015",186850
"12017",153855
"12019",218250
"12021",375760
"12023",69701
"12027",33975
"12029",16758
"12031",995560
"12033",321897
"12035",115383
"12037",12452
"12039",43820
"12041",17862
"12043",12127
"12045",14200
"12047",14006
"12049",25326
"12051",39626
"12053",194515
"12055",101238
"12057",1459773
"12059",19657
"12061",159789
"12063",47309
"12065",14507
"12067",8225
"12069",383959
"12071",760820
"12073",292203
"12075",42912
"12077",7976
"12079",17970
"12081",399705
"12083",375906
"12085",158435
"12086",2701762
"12087",82879
"12089",90355
"12091",211664
"12093",39636
"12095",1429901
"12097",388664
"12099",1492198
"12101",561897
"12103",959103
"12105",725041
"12107",73327
"12109",273427
"12111",329227
"12113",187991
"12115",434005
"12117",470855
"12119",129751
"12121",43472
"12123",21800
"12125",16138
"12127",553561
"12129",33766
"12131",75306
"12133",25322
"13001",18440
"13003",8289
"13005",11140
"13007",2875
"13009",43795
"13011",18037
"13013",83507
"13015",108888
"13017",17195
"13019",18166
"13021",157347
"13023",12585
"13025",18021
"13027",16299
"13029",44739
"13031",79647
"13033",24594
"13035",25440
"13037",5576
"13039",54769
"13043",10990
"13045",119141
"13047",67873
"13049",12518
"13051",295280
"13053",9568
"13055",24969
"13057",266625
"13059",128671
"13061",2847
"13063",297608
"13065",6746
"13067",766160
"13069",43088
"13071",45902
"13073",156010
"13075",17230
"13077",146154
"13079",12130
"13081",20127
"13083",16246
"13085",26796
"13087",29369
"13089",764386
"13091",19929
"13093",11212
"13095",85790
"13097",144227
"13099",10855
"13101",3703
"13103",64768
"13105",19638
"13107",22769
"13109",10772
"13111",25319
"13113",119186
"13115",98586
"13117",251283
"13119",23424
"13121",1066702
"13123",31354
"13125",2882
"13127",84497
"13129",57543
"13131",26237
"13133",18907
"13135",957027
"13137",46033
"13139",203166
"13141",8733
"13143",29920
"13145",34669
"13147",25824
"13149",11414
"13151",240719
"13153",163641
"13155",9667
"13157",75904
"13159",14595
"13161",14778
"13163",15714
"13165",8678
"13167",9192
"13169",28351
"13171",18500
"13173",9880
"13175",49581
"13177",33162
"13179",65274
"13181",7688
"13183",16158
"13185",118249
"13187",33487
"13189",21625
"13191",10975
"13193",12081
"13195",30123
"13197",7506
"13199",20610
"13201",5997
"13205",21762
"13207",27955
"13209",8610
"13211",20096
"13213",39982
"13215",206922
"13217",112491
"13219",41799
"13221",14824
"13223",168660
"13225",27989
"13227",33215
"13229",19716
"13231",18881
"13233",42854
"13235",9857
"13237",22046
"13239",2238
"13241",16882
"13243",6423
"13245",206607
"13247",93554
"13249",4546
"13251",14066
"13253",9152
"13255",67301
"13257",26787
"13259",5312
"13261",29612
"13263",5735
"13265",1562
"13267",24287
"13269",7816
"13271",12477
"13273",9184
"13275",45806
"13277",41347
"13279",27031
"13281",12487
"13283",6401
"13285",69427
"13287",9001
"13289",8023
"13291",24626
"13293",27699
"13295",67660
"13297",96669
"13299",36247
"13301",5211
"13303",19992
"13305",30144
"13307",2349
"13309",7479
"13311",28000
"13313",102866
"13315",8767
"13317",9567
"13319",8868
"13321",20783
"15001",200631
"15003",1016506
"15005",80
"15007",73294
"15009",164762
"16001",494964
"16003",4380
"16005",87017
"16007",6371
"16009",9531
"16011",47995
"16013",24275
"16015",7613
"16017",47105
"16019",123955
"16021",12057
"16023",2575
"16025",1073
"16027",231106
"16029",7028
"16031",24693
"16033",788
"16035",8731
"16037",4274
"16039",28665
"16041",14196
"16043",13383
"16045",19126
"16047",15599
"16049",16542
"16051",30889
"16053",24241
"16055",171374
"16057",39518
"16059",7976
"16061",3528
"16063",5123
"16065",52908
"16067",21582
"16069",42089
"16071",4563
"16073",11914
"16075",25385
"16077",7874
"16079",13164
"16081",11633
"16083",90045
"16085",11744
"16087",10500
"17001",65727
"17003",5242
"17005",16729
"17007",53446
"17009",6247
"17011",33229
"17013",4435
"17015",15705
"17017",13044
"17019",205863
"17021",34031
"17023",15457
"17025",13290
"17027",36906
"17029",46865
"17031",5275522
"17033",18672
"17035",10448
"17037",100415
"17039",15510
"17041",19734
"17043",932877
"17045",16868
"17047",6247
"17049",34671
"17051",21492
"17053",13531
"17055",37798
"17057",33611
"17059",4948
"17061",11988
"17063",52544
"17065",7993
"17067",17621
"17069",3647
"17071",6385
"17073",49290
"17075",27079
"17077",52984
"17079",9288
"17081",37118
"17083",21520
"17085",22042
"17087",13310
"17089",516520
"17091",107508
"17093",131868
"17095",49971
"17097",714351
"17099",109663
"17101",15283
"17103",34144
"17105",35816
"17107",27986
"17109",27237
"17111",310227
"17113",170975
"17115",104003
"17117",44967
"17119",265858
"17121",37727
"17123",11744
"17125",13091
"17127",14176
"17129",12296
"17131",15694
"17133",34953
"17135",28287
"17137",32917
"17139",14523
"17141",51788
"17143",181833
"17145",20940
"17147",16672
"17149",14737
"17151",3768
"17153",5191
"17155",5638
"17157",30165
"17159",15800
"17161",144678
"17163",257403
"17165",23772
"17167",196338
"17169",6902
"17171",4947
"17173",20995
"17175",5405
"17177",44623
"17179",131334
"17181",17243
"17183",74199
"17185",11361
"17187",16840
"17189",13767
"17191",16173
"17193",13872
"17195",55691
"17197",696362
"17199",67154
"17201",285350
"17203",38450
"18001",35811
"18003",385411
"18005",82218
"18007",8720
"18009",12115
"18011",70814
"18013",15475
"18015",20304
"18017",37870
"18019",121091
"18021",26457
"18023",33188
"18025",10530
"18027",33391
"18029",50680
"18031",26471
"18033",43273
"18035",111909
"18037",43635
"18039",207054
"18041",23404
"18043",80474
"18045",16474
"18047",22796
"18049",20480
"18051",33017
"18053",66661
"18055",30805
"18057",347465
"18059",79851
"18061",39649
"18063",174792
"18065",48912
"18067",83659
"18069",36670
"18071",46425
"18073",32912
"18075",20478
"18077",33147
"18079",27614
"18081",161768
"18083",36286
"18085",80247
"18087",40444
"18089",498707
"18091",112422
"18093",45015
"18095",130141
"18097",977213
"18099",46096
"18101",9806
"18103",35972
"18105",139717
"18107",37941
"18109",71785
"18111",13825
"18113",47461
"18115",5930
"18117",19872
"18119",21326
"18121",16154
"18123",19170
"18125",12252
"18127",173208
"18129",25213
"18131",12523
"18133",36728
"18135",24502
"18137",28984
"18139",16755
"18141",272914
"18143",24383
"18145",45052
"18147",19814
"18149",23370
"18151",34448
"18153",20820
"18155",9753
"18157",186249
"18159",15355
"18161",7087
"18163",180136
"18165",15447
"18167",106158
"18169",30986
"18171",8436
"18173",63896
"18175",28176
"18177",66555
"18179",28187
"18181",24691
"18183",34190
"19001",7498
"19003",3708
"19005",14061
"19007",12315
"19009",5676
"19011",25571
"19013",131147
"19015",26715
"19017",24988
"19019",20565
"19021",20830
"19023",14335
"19025",9914
"19027",20757
"19029",13132
"19031",18497
"19033",43132
"19035",11664
"19037",12015
"19039",9744
"19041",16381
"19043",17045
"19045",46470
"19047",16526
"19049",99677
"19051",9110
"19053",7639
"19055",17484
"19057",38907
"19059",17704
"19061",99264
"19063",9383
"19065",19511
"19067",15627
"19069",10016
"19071",6602
"19073",8766
"19075",12329
"19077",10623
"19079",15039
"19081",10794
"19083",16873
"19085",14578
"19087",20488
"19089",9468
"19091",9598
"19093",7002
"19095",16663
"19097",19485
"19099",37809
"19101",15665
"19103",152861
"19105",20646
"19107",10035
"19109",14822
"19111",33548
"19113",230303
"19115",10837
"19117",8636
"19119",11934
"19121",16545
"19123",22180
"19125",33417
"19127",40104
"19129",14486
"19131",10563
"19133",8757
"19135",7574
"19137",10329
"19139",43242
"19141",14187
"19143",6196
"19145",15213
"19147",8999
"19149",25697
"19151",7077
"19153",492411
"19155",93670
"19157",18658
"19159",4663
"19161",9817
"19163",174669
"19165",11748
"19167",35870
"19169",98536
"19171",17130
"19173",5896
"19175",12145
"19177",7203
"19179",35445
"19181",52402
"19183",22567
"19185",6495
"19187",36996
"19189",10683
"19191",20061
"19193",105944
"19195",7444
"19197",12941
"20001",12522
"20003",7839
"20005",16341
"20007",4233
"20009",25495
"20011",14361
"20013",9511
"20015",67383
"20017",2576
"20019",3383
"20021",19357
"20023",2616
"20025",1988
"20027",8112
"20029",9034
"20031",8358
"20033",1687
"20035",34547
"20037",38976
"20039",2770
"20041",18397
"20043",7498
"20045",118784
"20047",2901
"20049",2479
"20051",28932
"20053",6383
"20055",38467
"20057",34282
"20059",25994
"20061",36730
"20063",2717
"20065",2417
"20067",7353
"20069",5654
"20071",1282
"20073",6006
"20075",2518
"20077",5484
"20079",34034
"20081",3781
"20083",1723
"20085",13234
"20087",18359
"20089",2938
"20091",609864
"20093",3981
"20095",7461
"20097",2458
"20099",20188
"20101",1574
"20103",81897
"20105",2940
"20107",9591
"20109",2762
"20111",32177
"20113",30220
"20115",11819
"20117",10038
"20119",4055
"20121",34205
"20123",5792
"20125",31484
"20127",5389
"20129",2697
"20131",10277
"20133",15902
"20135",2676
"20137",5458
"20139",15770
"20141",3501
"20143",5729
"20145",6259
"20147",4990
"20149",25344
"20151",9159
"20153",2560
"20155",61898
"20157",4682
"20159",9423
"20161",71963
"20163",4921
"20165",2951
"20167",6684
"20169",54301
"20171",5151
"20173",523830
"20175",21962
"20177",178909
"20179",2448
"20181",5928
"20183",3560
"20185",4070
"20187",2085
"20189",5252
"20191",22392
"20193",7933
"20195",2807
"20197",6872
"20199",1517
"20201",5532
"20203",2153
"20205",8625
"20207",3115
"20209",169230
"21001",18903
"21003",20580
"21005",23851
"21007",7730
"21009",44482
"21011",12747
"21013",24102
"21015",135995
"21017",20250
"21019",48253
"21021",30619
"21023",8403
"21025",13717
"21027",20433
"21029",82226
"21031",12371
"21033",12648
"21035",37098
"21037",93075
"21039",4819
"21041",10809
"21043",26626
"21045",15946
"21047",72818
"21049",36993
"21051",20339
"21053",9253
"21055",8988
"21057",5887
"21059",103320
"21061",12133
"21063",7352
"21065",14166
"21067",322567
"21069",15086
"21071",35948
"21073",51539
"21075",6515
"21077",8693
"21079",16949
"21081",24946
"21083",36657
"21085",26418
"21087",11109
"21089",35970
"21091",9097
"21093",110694
"21095",26833
"21097",18692
"21099",19281
"21101",44791
"21103",15682
"21105",4523
"21107",45422
"21109",12958
"21111",782956
"21113",52987
"21115",22679
"21117",169028
"21119",14253
"21121",30196
"21123",14869
"21125",62613
"21127",16293
"21129",7394
"21131",10516
"21133",21551
"21135",13079
"21137",24276
"21139",8892
"21141",27433
"21143",8683
"21145",67871
"21147",16887
"21149",9152
"21151",92707
"21153",11639
"21155",19577
"21157",31661
"21159",11287
"21161",17121
"21163",30011
"21165",6114
"21167",22643
"21169",10288
"21171",11336
"21173",28104
"21175",13724
"21177",30930
"21179",46737
"21181",7532
"21183",23772
"21185",67609
"21187",11271
"21189",4052
"21191",14652
"21193",28465
"21195",58663
"21197",13128
"21199",65033
"21201",2192
"21203",16042
"21205",24654
"21207",17990
"21209",57153
"21211",48101
"21213",19595
"21215",19433
"21217",26019
"21219",12249
"21221",14057
"21223",8470
"21225",13670
"21227",134551
"21229",12028
"21231",19559
"21233",13014
"21235",36715
"21237",6561
"21239",26874
"22001",57569
"22003",22751
"22005",126498
"22007",21040
"22009",39690
"22011",36554
"22013",12989
"22015",128736
"22017",237857
"22019",216779
"22021",9642
"22023",5619
"22025",8903
"22027",14168
"22029",18681
"22031",26809
"22033",456781
"22035",7460
"22037",19536
"22039",32351
"22041",19774
"22043",22163
"22045",70293
"22047",30240
"22049",15034
"22051",440794
"22053",32250
"22055",241756
"22057",97552
"22059",14797
"22061",48398
"22063",142284
"22065",10015
"22067",25629
"22069",37519
"22071",383998
"22073",160364
"22075",23515
"22077",20757
"22079",130030
"22081",7624
"22083",20049
"22085",22144
"22087",43766
"22089",52548
"22091",10925
"22093",20194
"22095",42477
"22097",82552
"22099",51766
"22101",49405
"22103",264575
"22105",133149
"22107",4147
"22109",109583
"22111",21106
"22113",56973
"22115",48754
"22117",45456
"22119",36963
"22121",27201
"22123",9755
"22125",15307
"22127",13755
"23001",111147
"23003",67107
"23005",303076
"23007",29447
"23009",55477
"23011",123636
"23013",40608
"23015",35240
"23017",57766
"23019",152202
"23021",16799
"23023",36699
"23025",50472
"23027",39596
"23029",31088
"23031",211981
"24001",68115
"24003",588265
"24005",854554
"24009",92785
"24011",33299
"24013",172890
"24015",103726
"24017",166621
"24019",32530
"24021",271709
"24023",28804
"24025",260924
"24027",332316
"24029",19195
"24031",1062054
"24033",967194
"24035",49871
"24037",113775
"24039",24618
"24041",37520
"24043",154709
"24045",103586
"24047",52460
"24510",585693
"25001",229004
"25003",129036
"25005",579210
"25007",20595
"25009",809818
"25011",71035
"25013",465834
"25015",162305
"25017",1632002
"25019",14251
"25021",725999
"25023",530820
"25025",797941
"25027",862099
"26001",10167
"26003",8837
"26005",120499
"26007",28909
"26009",23428
"26011",15007
"26013",8149
"26015",62428
"26017",103856
"26019",17973
"26021",154320
"26023",44860
"26025",134293
"26027",51591
"26029",26051
"26031",25586
"26033",36784
"26035",30857
"26037",79123
"26039",12994
"26041",36896
"26043",25952
"26045",109174
"26047",34105
"26049",406217
"26051",25386
"26053",14377
"26055",95246
"26057",41752
"26059",45759
"26061",37360
"26063",31408
"26065",284891
"26067",66793
"26069",25230
"26071",11628
"26073",64396
"26075",160375
"26077",261663
"26079",17928
"26081",657984
"26083",2055
"26085",12100
"26087",88615
"26089",22304
"26091",99424
"26093",193869
"26095",5339
"26097",10831
"26099",881219
"26101",25029
"26103",66020
"26105",29063
"26107",39713
"26109",23500
"26111",83498
"26113",15048
"26115",154812
"26117",66622
"26119",9154
"26121",175814
"26123",49971
"26125",1274395
"26127",26658
"26129",20769
"26131",5814
"26133",22890
"26135",8225
"26137",25095
"26139",296207
"26141",12981
"26143",23450
"26145",190128
"26147",160382
"26149",60939
"26151",40619
"26153",8049
"26155",68095
"26157",53322
"26159",75593
"26161",372265
"26163",1793549
"26165",33668
"27001",15703
"27003",363892
"27005",35176
"27007",46230
"27009",41381
"27011",5168
"27013",69129
"27015",25914
"27017",36201
"27019",106914
"27021",30065
"27023",12594
"27025",56621
"27027",65309
"27029",8521
"27031",5599
"27033",11506
"27035",66122
"27037",439884
"27039",20873
"27041",39002
"27043",13922
"27045",21229
"27047",30901
"27049",47580
"27051",6075
"27053",1281568
"27055",18849
"27057",21348
"27059",41133
"27061",45018
"27063",9992
"27065",16027
"27067",43733
"27069",4217
"27071",12059
"27073",6722
"27075",10910
"27077",3765
"27079",28672
"27081",5644
"27083",25268
"27085",36759
"27087",5400
"27089",9032
"27091",20024
"27093",23400
"27095",26467
"27097",34010
"27099",40034
"27101",8175
"27103",34464
"27105",22294
"27107",6442
"27109",162849
"27111",60074
"27113",13999
"27115",28883
"27117",9416
"27119",31194
"27121",11309
"27123",552362
"27125",3936
"27127",15419
"27129",14730
"27131",67098
"27133",9701
"27135",15323
"27137",200223
"27139",150930
"27141",97186
"27143",14842
"27145",158297
"27147",37400
"27149",9673
"27151",9835
"27153",25253
"27155",3366
"27157",21380
"27159",14065
"27161",18966
"27163",267563
"27165",11251
"27167",6513
"27169",49662
"27171",141336
"27173",9533
"28001",29538
"28003",34743
"28005",12721
"28007",17885
"28009",7644
"28011",30973
"28013",13267
"28015",9995
"28017",17103
"28019",8246
"28021",9135
"28023",15615
"28025",18635
"28027",21393
"28029",28371
"28031",18339
"28033",185317
"28035",78163
"28037",7681
"28039",24348
"28041",13533
"28043",21627
"28045",46047
"28047",208621
"28049",227750
"28051",17001
"28053",7790
"28055",1335
"28057",23861
"28059",143259
"28061",16370
"28063",7260
"28065",11323
"28067",67248
"28069",8981
"28071",55812
"28073",64223
"28075",72983
"28077",12015
"28079",21272
"28081",83347
"28083",28348
"28085",34906
"28087",58882
"28089",109149
"28091",24438
"28093",33755
"28095",34179
"28097",9822
"28099",29094
"28101",21293
"28103",10279
"28105",51780
"28107",33209
"28109",56144
"28111",11514
"28113",40329
"28115",31192
"28117",25000
"28119",6173
"28121",157026
"28123",27987
"28125",3798
"28127",25950
"28129",14209
"28131",18336
"28133",25973
"28135",12715
"28137",28066
"28139",21810
"28141",18854
"28143",9777
"28145",27782
"28147",13882
"28149",44721
"28151",44918
"28153",19774
"28155",9924
"28157",8586
"28159",17709
"28161",12487
"28163",26748
"29001",25315
"29003",18128
"29005",5306
"29007",24964
"29009",34533
"29011",11625
"29013",16032
"29015",19395
"29017",10572
"29019",183607
"29021",84798
"29023",42128
"29025",8813
"29027",44290
"29029",42746
"29031",81707
"29033",8497
"29035",5201
"29037",107816
"29039",14187
"29041",7409
"29043",88846
"29045",6640
"29047",253322
"29049",21182
"29051",77284
"29053",17108
"29055",23059
"29057",7571
"29059",17070
"29061",8426
"29063",11039
"29065",14419
"29067",11575
"29069",28286
"29071",104688
"29073",14794
"29075",6165
"29077",298915
"29079",9814
"29081",8158
"29083",21946
"29085",8277
"29087",4226
"29089",10148
"29091",39748
"29093",9537
"29095",717206
"29097",122750
"29099",226572
"29101",54007
"29103",3745
"29105",36042
"29107",32994
"29109",37995
"29111",10036
"29113",59577
"29115",11870
"29117",14546
"29119",23308
"29121",15212
"29123",12627
"29125",8430
"29127",28527
"29129",3537
"29131",24726
"29133",12575
"29135",15477
"29137",8662
"29139",11319
"29141",21000
"29143",16435
"29145",58644
"29147",21240
"29149",8641
"29151",13281
"29153",8556
"29155",15661
"29157",18954
"29159",42984
"29161",44640
"29163",17590
"29165",106718
"29167",31521
"29169",53958
"29171",4680
"29173",10355
"29175",24713
"29177",23160
"29179",6093
"29181",10678
"29183",405262
"29185",9287
"29186",18479
"29187",66926
"29189",1004310
"29195",23319
"29197",4034
"29199",4709
"29201",38058
"29203",7027
"29205",6104
"29207",28674
"29209",31077
"29211",5999
"29213",56058
"29215",24495
"29217",19710
"29219",35538
"29221",23514
"29223",10973
"29225",39085
"29227",1967
"29229",18187
"29510",301574
"30001",9374
"30003",13127
"30005",7042
"30007",6773
"30009",10476
"30011",1415
"30013",84413
"30015",5896
"30017",11867
"30019",1657
"30021",8943
"30023",9424
"30025",3049
"30027",11443
"30029",104349
"30031",118957
"30033",1170
"30035",13771
"30037",824
"30039",3306
"30041",16304
"30043",12081
"30045",2021
"30047",31132
"30049",70967
"30051",1959
"30053",19678
"30055",1728
"30057",8626
"30059",1926
"30061",4529
"30063",117924
"30065",4732
"30067",17193
"30069",496
"30071",4215
"30073",5905
"30075",1694
"30077",6944
"30079",1093
"30081",44172
"30083",11493
"30085",10792
"30087",8331
"30089",12403
"30091",3542
"30093",35128
"30095",8959
"30097",3677
"30099",6230
"30101",4973
"30103",759
"30105",7577
"30107",2077
"30109",939
"30111",164722
"31001",31202
"31003",6292
"31005",433
"31007",674
"31009",432
"31011",5377
"31013",10841
"31015",1814
"31017",2902
"31019",50089
"31021",6727
"31023",8360
"31025",26598
"31027",8378
"31029",3894
"31031",5455
"31033",9468
"31035",6105
"31037",10581
"31039",9010
"31041",10543
"31043",21587
"31045",8195
"31047",24111
"31049",1837
"31051",5598
"31053",37171
"31055",584522
"31057",1657
"31059",5557
"31061",2890
"31063",2519
"31065",4633
"31067",21706
"31069",1872
"31071",1815
"31073",1894
"31075",613
"31077",2186
"31079",62893
"31081",9431
"31083",3076
"31085",856
"31087",2616
"31089",10137
"31091",711
"31093",6472
"31095",7242
"31097",5287
"31099",6677
"31101",8331
"31103",768
"31105",3438
"31107",8405
"31109",322615
"31111",34680
"31113",718
"31115",603
"31117",400
"31119",35584
"31121",7659
"31123",4555
"31125",3377
"31127",7076
"31129",4096
"31131",15907
"31133",2545
"31135",2861
"31137",8964
"31139",7315
"31141",34294
"31143",5209
"31145",10705
"31147",7870
"31149",1264
"31151",14291
"31153",190597
"31155",22280
"31157",36084
"31159",17608
"31161",5134
"31163",2959
"31165",1135
"31167",5843
"31169",5032
"31171",668
"31173",6769
"31175",4055
"31177",20865
"31179",9698
"31181",3396
"31183",772
"31185",14128
"32001",25516
"32003",2265469
"32005",49484
"32007",53703
"32009",729
"32011",1853
"32013",17288
"32015",5732
"32017",4505
"32019",59240
"32021",4555
"32023",51590
"32027",6651
"32029",4098
"32031",486489
"32033",9078
"32510",58644
"33001",63709
"33003",50098
"33005",76455
"33007",31262
"33009",91112
"33011",422941
"33013",153800
"33015",314182
"33017",130895
"33019",43064
"34001",274536
"34003",955746
"34005",461863
"34007",523486
"34009",95266
"34011",154148
"34013",862782
"34015",302285
"34017",724857
"34019",128962
"34021",387340
"34023",863183
"34025",643608
"34027",509277
"34029",637229
"34031",525052
"34033",64834
"34035",345356
"34037",144231
"34039",575352
"34041",109638
"35001",676438
"35003",3582
"35005",65158
"35006",27172
"35007",12385
"35009",48429
"35011",1697
"35013",219567
"35015",62314
"35017",28190
"35019",4451
"35021",655
"35023",4180
"35025",74455
"35027",20273
"35028",19418
"35029",25422
"35031",72898
"35033",4185
"35035",67843
"35037",8744
"35039",40359
"35041",19197
"35043",148829
"35045",121663
"35047",27203
"35049",154823
"35051",11574
"35053",16602
"35055",34488
"35057",15045
"35059",4083
"35061",76205
"36001",314838
"36003",46446
"36005",1472656
"36007",198675
"36009",77041
"36011",76251
"36013",127675
"36015",84152
"36017",47216
"36019",79839
"36021",61567
"36023",46814
"36025",44302
"36027",295897
"36029",954244
"36031",37362
"36033",47556
"36035",53322
"36037",58394
"36039",47933
"36041",5102
"36043",60143
"36045",116723
"36047",2736075
"36049",26580
"36051",61842
"36053",68012
"36055",759444
"36057",49526
"36059",1395777
"36061",1694250
"36063",212650
"36065",232111
"36067",476511
"36069",112459
"36071",401324
"36073",40355
"36075",117533
"36077",58529
"36079",97682
"36081",2405464
"36083",161138
"36085",495749
"36087",338329
"36089",108502
"36091",235499
"36093",158058
"36095",29718
"36097",17894
"36099",33811
"36101",93577
"36103",1525936
"36105",78617
"36107",48461
"36109",105744
"36111",181856
"36113",65737
"36115",61302
"36117",91286
"36119",1004445
"36121",40531
"36123",24768
"37001",171429
"37003",36440
"37005",10886
"37007",22052
"37009",26581
"37011",17812
"37013",44658
"37015",17934
"37017",29617
"37019",136694
"37021",269446
"37023",87573
"37025",225807
"37027",80664
"37029",10357
"37031",67686
"37033",22738
"37035",160609
"37037",76270
"37039",28769
"37041",13705
"37043",11085
"37045",99521
"37047",50625
"37049",100718
"37051",334728
"37053",28103
"37055",36910
"37057",168933
"37059",42715
"37061",48705
"37063",324849
"37065",48897
"37067",382584
"37069",68578
"37071",227942
"37073",10475
"37075",8029
"37077",61001
"37079",20449
"37081",541309
"37083",48622
"37085",133554
"37087",62097
"37089",116279
"37091",21552
"37093",52081
"37095",4587
"37097",186699
"37099",43107
"37101",215991
"37103",9173
"37105",63281
"37107",55124
"37109",86816
"37111",44577
"37113",37016
"37115",21192
"37117",22035
"37119",1115526
"37121",14906
"37123",25752
"37125",99725
"37127",94967
"37129",225705
"37131",17474
"37133",204585
"37135",148707
"37137",12274
"37139",40568
"37141",60208
"37143",13006
"37145",39093
"37147",170241
"37149",19330
"37151",144151
"37153",42953
"37155",116516
"37157",91100
"37159",146878
"37161",64444
"37163",59040
"37165",34180
"37167",62506
"37169",44523
"37171",71367
"37173",14115
"37175",32986
"37177",3247
"37179",238233
"37181",42570
"37183",1129393
"37185",18642
"37187",11001
"37189",54077
"37191",117324
"37193",65968
"37195",78786
"37197",37211
"37199",18470
"38001",2200
"38003",10848
"38005",5951
"38007",945
"38009",6378
"38011",2997
"38013",2211
"38015",98466
"38017",184528
"38019",3706
"38021",5002
"38023",2202
"38025",4096
"38027",2338
"38029",3306
"38031",3396
"38033",1730
"38035",73169
"38037",2302
"38039",2306
"38041",2483
"38043",2395
"38045",4091
"38047",1880
"38049",5332
"38051",2529
"38053",14709
"38055",9770
"38057",8354
"38059",33287
"38061",9812
"38063",3015
"38065",1876
"38067",6832
"38069",3983
"38071",11604
"38073",5699
"38075",2282
"38077",16528
"38079",12192
"38081",3860
"38083",1273
"38085",3897
"38087",699
"38089",33647
"38091",1788
"38093",21607
"38095",2163
"38097",8000
"38099",10558
"38101",69933
"38103",3986
"38105",40950
"39001",27474
"39003",102204
"39005",52443
"39007",97596
"39009",62421
"39011",46421
"39013",66495
"39015",43674
"39017",390378
"39019",26714
"39021",38707
"39023",135973
"39025",208592
"39027",42022
"39029",101873
"39031",36602
"39033",42010
"39035",1264813
"39037",51883
"39039",38274
"39041",214120
"39043",75619
"39045",158918
"39047",28947
"39049",1323800
"39051",42713
"39053",29227
"39055",95403
"39057",167971
"39059",38434
"39061",830625
"39063",74926
"39065",30691
"39067",14482
"39069",27662
"39071",43317
"39073",28054
"39075",44217
"39077",58565
"39079",32654
"39081",65247
"39083",62711
"39085",232524
"39087",58236
"39089",178509
"39091",46144
"39093",312974
"39095",431273
"39097",43847
"39099",228621
"39101",65366
"39103",182475
"39105",22197
"39107",42528
"39109",108777
"39111",13383
"39113",537316
"39115",13802
"39117",34940
"39119",86412
"39121",14106
"39123",40355
"39125",18803
"39127",35409
"39129",58537
"39131",27089
"39133",161790
"39135",40998
"39137",34448
"39139",124933
"39141",77095
"39143",58900
"39145",74012
"39147",55080
"39149",48222
"39151",374853
"39153",540436
"39155",202069
"39157",93265
"39159",62790
"39161",28937
"39163",12804
"39165",242338
"39167",59769
"39169",116889
"39171",37106
"39173",132251
"39175",21894
"40001",19494
"40003",5700
"40005",14135
"40007",5052
"40009",22411
"40011",8731
"40013",46072
"40015",26934
"40017",154154
"40019",48004
"40021",47073
"40023",14203
"40025",2293
"40027",295514
"40029",5270
"40031",121124
"40033",5523
"40035",14104
"40037",71753
"40039",28521
"40041",40393
"40043",4481
"40045",3747
"40047",62844
"40049",25655
"40051",54800
"40053",4162
"40055",5492
"40057",2488
"40059",3266
"40061",11562
"40063",13367
"40065",24785
"40067",5338
"40069",10276
"40071",43701
"40073",15187
"40075",8503
"40077",9446
"40079",48131
"40081",33460
"40083",49552
"40085",10146
"40087",41667
"40089",30809
"40091",18944
"40093",7781
"40095",15303
"40097",39044
"40099",13905
"40101",66344
"40103",10925
"40105",9322
"40107",11314
"40109",796567
"40111",36706
"40113",45823
"40115",30291
"40117",15551
"40119",81649
"40121",43774
"40123",38065
"40125",72449
"40127",10816
"40129",3439
"40131",95245
"40133",23562
"40135",39280
"40137",42844
"40139",21386
"40141",6967
"40143",669272
"40145",80986
"40147",52452
"40149",10922
"40151",8622
"40153",20473
"41001",16666
"41003",95183
"41005",421404
"41007",41078
"41009",52603
"41011",64929
"41013",24735
"41015",23447
"41017",198256
"41019",111202
"41021",1997
"41023",7233
"41025",7499
"41027",23978
"41029",223262
"41031",24507
"41033",88092
"41035",69416
"41037",8158
"41039",382975
"41041",50400
"41043",128610
"41045",31575
"41047",345910
"41049",12187
"41051",815429
"41053",87432
"41055",1867
"41057",27393
"41059",80068
"41061",26197
"41063",7387
"41065",26663
"41067",600383
"41069",1449
"41071",107721
"42001",103829
"42003",1250585
"42005",65553
"42007",168228
"42009",47573
"42011",428840
"42013",122820
"42015",59969
"42017",646526
"42019",193767
"42021",133477
"42023",4546
"42025",64750
"42027",158163
"42029",534408
"42031",37236
"42033",80564
"42035",37456
"42037",64725
"42039",83937
"42041",259464
"42043",286399
"42045",576842
"42047",30984
"42049",270869
"42051",128816
"42053",6974
"42055",155950
"42057",14559
"42059",35946
"42061",44094
"42063",83231
"42065",44496
"42067",23496
"42069",215911
"42071",552969
"42073",86069
"42075",143262
"42077",374572
"42079",325613
"42081",114182
"42083",40426
"42085",110656
"42087",46145
"42089",168323
"42091",856559
"42093",18145
"42095",312955
"42097",91647
"42099",45837
"42101",1603799
"42103",58537
"42105",16401
"42107",143048
"42109",39735
"42111",74147
"42113",5832
"42115",38423
"42117",41046
"42119",42675
"42121",50455
"42123",38594
"42125",209325
"42127",51151
"42129",354663
"42131",26073
"42133",456442
"44001",50786
"44003",170358
"44005",85652
"44007",660739
"44009",129836
"45001",24287
"45003",168811
"45005",8037
"45007",203723
"45009",13313
"45011",20585
"45013",187108
"45015",229854
"45017",14122
"45019",408317
"45021",56216
"45023",32294
"45025",43270
"45027",31148
"45029",38604
"45031",62907
"45033",28295
"45035",161469
"45037",25648
"45039",20951
"45041",137064
"45043",63402
"45045",525539
"45047",69349
"45049",18561
"45051",351028
"45053",28806
"45055",65407
"45057",96010
"45059",67533
"45061",16530
"45063",293985
"45065",9522
"45067",29187
"45069",26668
"45071",37722
"45073",78604
"45075",84225
"45077",131401
"45079",416145
"45081",18859
"45083",328002
"45085",105554
"45087",27240
"45089",31019
"45091",282108
"46003",2746
"46005",19153
"46007",3378
"46009",6997
"46011",34380
"46013",38301
"46015",5253
"46017",1945
"46019",10238
"46021",1375
"46023",9370
"46025",3844
"46027",14966
"46029",28323
"46031",3901
"46033",8319
"46035",19960
"46037",5451
"46039",4293
"46041",5242
"46043",2828
"46045",3981
"46047",6971
"46049",2126
"46051",7556
"46053",3991
"46055",1876
"46057",6159
"46059",3146
"46061",3462
"46063",1309
"46065",17774
"46067",7423
"46069",1260
"46071",2807
"46073",1663
"46075",919
"46077",5184
"46079",11057
"46081",25766
"46083",65165
"46085",3722
"46087",5682
"46089",2409
"46091",4317
"46093",29851
"46095",1920
"46097",2307
"46099",197209
"46101",6340
"46102",13669
"46103",109231
"46105",2842
"46107",2480
"46109",10271
"46111",2330
"46115",6362
"46117",2980
"46119",1448
"46121",9319
"46123",5621
"46125",8662
"46127",16813
"46129",5310
"46135",23311
"46137",2413
"47001",77136
"47003",50239
"47005",15863
"47007",14916
"47009",135283
"47011",108620
"47013",39277
"47015",14512
"47017",28434
"47019",56349
"47021",41065
"47023",17348
"47025",32038
"47027",7580
"47029",35998
"47031",57882
"47033",13909
"47035",61152
"47037",715875
"47039",11442
"47041",20078
"47043",54314
"47045",36803
"47047",42002
"47049",18489
"47051",42769
"47053",50409
"47055",30344
"47057",23527
"47059",70152
"47061",13525
"47063",64500
"47065",366215
"47067",6659
"47069",25460
"47071",26829
"47073",56718
"47075",17862
"47077",27841
"47079",32197
"47081",24909
"47083",8281
"47085",18992
"47087",11619
"47089",54679
"47091",17950
"47093",478981
"47095",7004
"47097",25139
"47099",44163
"47101",12581
"47103",35326
"47105",54887
"47107",53275
"47109",25859
"47111",25215
"47113",98843
"47115",28835
"47117",34320
"47119",100975
"47121",12755
"47123",46249
"47125",219994
"47127",6469
"47129",21027
"47131",30788
"47133",22514
"47135",8381
"47137",5006
"47139",17547
"47141",79844
"47143",32870
"47145",53393
"47147",72803
"47149",341481
"47151",21852
"47153",15829
"47155",98391
"47157",929722
"47159",19914
"47161",13662
"47163",158161
"47165",196281
"47167",60979
"47169",11610
"47171",17924
"47173",19802
"47175",6168
"47177",40951
"47179",133005
"47181",16232
"47183",32902
"47185",27356
"47187",247733
"47189",147747
"48001",57922
"48003",18614
"48005",86394
"48007",23831
"48009",8554
"48011",1846
"48013",48985
"48015",30168
"48017",6904
"48019",20843
"48021",97218
"48023",3465
"48025",31061
"48027",370644
"48029",2009322
"48031",11376
"48033",628
"48035",18226
"48037",92903
"48039",372040
"48041",233848
"48043",9545
"48045",1434
"48047",7086
"48049",38101
"48051",17642
"48053",49123
"48055",45887
"48057",20105
"48059",13703
"48061",421012
"48063",12465
"48065",5799
"48067",28445
"48069",7376
"48071",46571
"48073",50411
"48075",6666
"48077",10213
"48079",2543
"48081",3280
"48083",7686
"48085",1066465
"48087",2648
"48089",20555
"48091",161482
"48093",13590
"48095",3303
"48097",41671
"48099",83091
"48101",1380
"48103",4676
"48105",3097
"48107",5125
"48109",2188
"48111",7121
"48113",2611491
"48115",12457
"48117",18585
"48119",5225
"48121",906405
"48123",19822
"48125",1769
"48127",8611
"48129",3261
"48131",9827
"48133",17733
"48135",165171
"48137",1427
"48139",192441
"48141",865655
"48143",42545
"48145",16963
"48147",35661
"48149",24436
"48151",3671
"48153",5397
"48155",1092
"48157",822779
"48159",10357
"48161",19445
"48163",18392
"48165",21599
"48167",350673
"48169",5816
"48171",26722
"48173",1115
"48175",7018
"48177",19657
"48179",21229
"48181",135552
"48183",124234
"48185",29292
"48187",172709
"48189",32526
"48191",2817
"48193",8221
"48195",5281
"48197",3549
"48199",56234
"48201",4731129
"48203",68834
"48205",5376
"48207",5412
"48209",241066
"48211",3383
"48213",82145
"48215",870796
"48217",35869
"48219",21543
"48221",61597
"48223",36792
"48225",22067
"48227",34864
"48229",3206
"48231",99957
"48233",20614
"48235",1513
"48237",8474
"48239",14987
"48241",32983
"48243",2000
"48245",256526
"48247",4835
"48249",38893
"48251",179999
"48253",19653
"48255",14707
"48257",145303
"48259",44281
"48261",352
"48263",753
"48265",52594
"48267",4280
"48269",262
"48271",3131
"48273",31038
"48275",3353
"48277",50082
"48279",13043
"48281",21632
"48283",6667
"48285",20337
"48287",17480
"48289",15717
"48291",91632
"48293",22147
"48295",3058
"48297",11333
"48299",21243
"48301",63
"48303",310642
"48305",5595
"48307",7634
"48309",260582
"48311",600
"48313",13463
"48315",9728
"48317",5239
"48319",3951
"48321",36249
"48323",57885
"48325",50739
"48327",1964
"48329",169984
"48331",24750
"48333",4454
"48335",8991
"48337",19965
"48339",620451
"48341",21362
"48343",11971
"48345",1063
"48347",64651
"48349",52623
"48351",12216
"48353",14736
"48355",353170
"48357",10015
"48359",1759
"48361",84806
"48363",28408
"48365",22492
"48367",148228
"48369",9871
"48371",15197
"48373",50119
"48375",118527
"48377",6134
"48379",12154
"48381",140761
"48383",3383
"48385",2751
"48387",11588
"48389",14741
"48391",6739
"48393",828
"48395",16759
"48397",107832
"48399",9899
"48401",52223
"48403",9892
"48405",7921
"48407",27399
"48409",68754
"48411",5720
"48413",2454
"48415",16929
"48417",3102
"48419",24022
"48421",2780
"48423",233484
"48425",9204
"48427",65918
"48429",9104
"48431",1369
"48433",1246
"48435",3372
"48437",6971
"48439",2110608
"48441",143205
"48443",760
"48445",11832
"48447",1442
"48449",31245
"48451",120007
"48453",1290209
"48455",13600
"48457",19799
"48459",40890
"48461",3308
"48463",24564
"48465",47584
"48467",59540
"48469",91320
"48471",76402
"48473",56763
"48475",11648
"48477",35804
"48479",267110
"48481",41574
"48483",4987
"48485",129355
"48487",12891
"48489",20163
"48491",609010
"48493",49757
"48495",7791
"48497",68632
"48499",44855
"48501",7695
"48503",17867
"48505",13888
"48507",9670
"49001",7074
"49003",57669
"49005",133159
"49007",20418
"49009",936
"49011",362689
"49013",19603
"49015",9822
"49017",5092
"49019",9669
"49021",57285
"49023",11778
"49025",7663
"49027",12977
"49029",12294
"49031",1437
"49033",2510
"49035",1185236
"49037",14510
"49039",28435
"49041",21517
"49043",42364
"49045",72697
"49047",35613
"49049",659392
"49051",34791
"49053",180281
"49055",2490
"49057",262213
"50001",37359
"50003",37344
"50005",30235
"50007",168324
"50009",5919
"50011",49949
"50013",7291
"50015",25939
"50017",29289
"50019",27402
"50021",60570
"50023",59804
"50025",45909
"50027",57751
"51001",33417
"51003",112396
"51005",15219
"51007",13262
"51009",31311
"51011",16117
"51013",238644
"51015",77485
"51017",4205
"51019",79465
"51021",6274
"51023",33593
"51025",15850
"51027",20348
"51029",16830
"51031",55689
"51033",30886
"51035",29154
"51036",6770
"51037",11533
"51041",364546
"51043",14787
"51045",4895
"51047",52554
"51049",9677
"51051",14129
"51053",27940
"51057",10598
"51059",1150305
"51061",72956
"51063",15475
"51065",27247
"51067",54475
"51069",91421
"51071",16792
"51073",38716
"51075",24729
"51077",15335
"51079",20554
"51081",11389
"51083",34022
"51085",109980
"51087",334389
"51089",50949
"51091",2233
"51093",38610
"51095",78255
"51097",6606
"51099",26722
"51101",17811
"51103",10919
"51105",22173
"51107",420955
"51109",37603
"51111",11937
"51113",13842
"51115",8535
"51117",30315
"51119",10626
"51121",99717
"51125",14770
"51127",22942
"51131",12278
"51133",11838
"51135",15642
"51137",36184
"51139",23708
"51141",17604
"51143",60502
"51145",30334
"51147",21846
"51149",43010
"51153",482198
"51155",33800
"51157",7350
"51159",8920
"51161",96936
"51163",22650
"51165",83759
"51167",25786
"51169",21568
"51171",44192
"51173",29800
"51175",18001
"51177",140094
"51179",156937
"51181",6558
"51183",10831
"51185",40439
"51187",40724
"51191",53934
"51193",18477
"51195",36118
"51197",28285
"51199",70055
"51510",159461
"51520",17218
"51530",6641
"51540",46554
"51550",249415
"51570",18171
"51580",5744
"51590",42592
"51595",5766
"51600",24148
"51610",14658
"51620",8179
"51630",27979
"51640",6725
"51650",137158
"51660",51810
"51670",23032
"51678",7317
"51680",79007
"51683",42773
"51685",17217
"51690",13486
"51700",186243
"51710",238001
"51720",3696
"51730",33457
"51735",12455
"51740",97915
"51750",16068
"51760",226618
"51770",100015
"51775",25347
"51790",25754
"51800",94326
"51810",459471
"51820",22195
"51830",15413
"51840",28122
"53001",20612
"53003",22288
"53005",206875
"53007",79078
"53009",77160
"53011",503309
"53013",3952
"53015",110740
"53017",42937
"53019",7178
"53021",96746
"53023",2288
"53025",99120
"53027",75636
"53029",86847
"53031",32975
"53033",2269667
"53035",275605
"53037",44342
"53039",22734
"53041",82152
"53043",10879
"53045",65722
"53047",42098
"53049",23365
"53051",13404
"53053",921137
"53055",17789
"53057",129515
"53059",12033
"53061",827947
"53063",539332
"53065",46450
"53067",294797
"53069",4419
"53071",62586
"53073",226843
"53075",47971
"53077",256719
"54001",15462
"54003",122078
"54005",21807
"54007",12449
"54009",22551
"54011",94346
"54013",6228
"54015",8050
"54017",7808
"54019",40485
"54021",7417
"54023",10975
"54025",32979
"54027",23092
"54029",29095
"54031",14298
"54033",65922
"54035",27792
"54037",57707
"54039",180744
"54041",17028
"54043",20459
"54045",32572
"54047",19118
"54049",56211
"54051",30589
"54053",25448
"54055",59660
"54057",26938
"54059",23574
"54061",105822
"54063",12375
"54065",17067
"54067",24603
"54069",42444
"54071",6145
"54073",7653
"54075",7873
"54077",34214
"54079",57435
"54081",74581
"54083",27934
"54085",8450
"54087",14028
"54089",11968
"54091",16701
"54093",6765
"54095",8311
"54097",23817
"54099",38983
"54101",8380
"54103",14441
"54105",5196
"54107",84300
"54109",21387
"55001",20646
"55003",16033
"55005",46709
"55007",16213
"55009",268729
"55011",13312
"55013",16526
"55015",52433
"55017",66302
"55019",34660
"55021",58480
"55023",16115
"55025",561507
"55027",89398
"55029",30066
"55031",44291
"55033",45434
"55035",105702
"55037",4555
"55039",104152
"55041",9176
"55043",51950
"55045",37092
"55047",19023
"55049",23709
"55051",6138
"55053",21142
"55055",86151
"55057",26721
"55059",169156
"55061",20556
"55063",120796
"55065",16608
"55067",19491
"55069",28421
"55071",81360
"55073",138007
"55075",41874
"55077",15596
"55078",4250
"55079",939495
"55081",46270
"55083",38971
"55085",37848
"55087",190710
"55089",91499
"55091",7326
"55093",42205
"55095",44979
"55097",70376
"55099",14055
"55101",197720
"55103",17302
"55105",163692
"55107",14192
"55109",93539
"55111",65780
"55113",18080
"55115",40886
"55117",118023
"55119",19915
"55121",30756
"55123",30715
"55125",23047
"55127",105226
"55129",16622
"55131",136756
"55133",406971
"55135",51811
"55137",24526
"55139",171734
"55141",74218
"56001",37070
"56003",11521
"56005",47027
"56007",14531
"56009",13747
"56011",7184
"56013",39234
"56015",12503
"56017",4618
"56019",8451
"56021",100506
"56023",19582
"56025",79955
"56027",2469
"56029",29625
"56031",8603
"56033",30925
"56035",8728
"56037",42267
"56039",23323
"56041",20446
"56043",7682
"56045",6840
"09001",957419
"09003",899498
"09005",185186
"09007",164245
"09009",864835
"09011",268555
"09013",149788
"09015",116418
